CustomerNo,Country
17490,United Kingdom
13069,United Kingdom
13069,United Kingdom
13069,United Kingdom
13069,United Kingdom
13069,United Kingdom
13069,United Kingdom
13069,United Kingdom
13069,United Kingdom
13069,United Kingdom
13069,United Kingdom
13069,United Kingdom
13069,United Kingdom
13069,United Kingdom
13069,United Kingdom
13069,United Kingdom
13069,United Kingdom
13069,United Kingdom
13069,United Kingdom
13069,United Kingdom
12433,Norway
12433,Norway
12433,Norway
12433,Norway
12433,Norway
12433,Norway
12433,Norway
12433,Norway
12433,Norway
12433,Norway
12433,Norway
12433,Norway
12433,Norway
12433,Norway
12433,Norway
12433,Norway
12433,Norway
12433,Norway
12433,Norway
12433,Norway
12433,Norway
12433,Norway
12433,Norway
12433,Norway
12433,Norway
12433,Norway
12433,Norway
12433,Norway
12433,Norway
12433,Norway
12433,Norway
12433,Norway
12433,Norway
12433,Norway
12433,Norway
12433,Norway
12433,Norway
12433,Norway
12433,Norway
12433,Norway
12433,Norway
12433,Norway
12433,Norway
12433,Norway
12433,Norway
12433,Norway
12433,Norway
12433,Norway
12433,Norway
12433,Norway
12433,Norway
12433,Norway
12433,Norway
12433,Norway
12433,Norway
12433,Norway
12433,Norway
12433,Norway
12433,Norway
12433,Norway
12433,Norway
12433,Norway
12433,Norway
12433,Norway
13426,United Kingdom
13426,United Kingdom
13426,United Kingdom
13426,United Kingdom
13426,United Kingdom
13426,United Kingdom
13426,United Kingdom
13426,United Kingdom
13426,United Kingdom
13426,United Kingdom
17364,United Kingdom
17364,United Kingdom
17364,United Kingdom
17364,United Kingdom
17364,United Kingdom
17364,United Kingdom
17364,United Kingdom
17364,United Kingdom
17364,United Kingdom
17364,United Kingdom
17364,United Kingdom
17364,United Kingdom
17364,United Kingdom
17364,United Kingdom
17364,United Kingdom
17364,United Kingdom
17364,United Kingdom
17364,United Kingdom
17364,United Kingdom
14441,United Kingdom
14441,United Kingdom
14441,United Kingdom
14441,United Kingdom
14441,United Kingdom
14441,United Kingdom
14441,United Kingdom
14441,United Kingdom
17490,United Kingdom
17490,United Kingdom
17490,United Kingdom
17490,United Kingdom
17490,United Kingdom
17490,United Kingdom
17490,United Kingdom
17490,United Kingdom
17490,United Kingdom
17490,United Kingdom
17490,United Kingdom
17490,United Kingdom
17490,United Kingdom
17490,United Kingdom
17490,United Kingdom
17490,United Kingdom
17490,United Kingdom
17490,United Kingdom
17490,United Kingdom
17490,United Kingdom
17490,United Kingdom
16446,United Kingdom
17389,United Kingdom
17389,United Kingdom
17001,United Kingdom
17001,United Kingdom
17001,United Kingdom
17001,United Kingdom
17001,United Kingdom
17001,United Kingdom
17001,United Kingdom
17001,United Kingdom
17001,United Kingdom
17001,United Kingdom
17001,United Kingdom
17001,United Kingdom
17001,United Kingdom
17001,United Kingdom
17001,United Kingdom
17001,United Kingdom
15694,United Kingdom
17428,United Kingdom
17428,United Kingdom
17428,United Kingdom
16954,United Kingdom
16954,United Kingdom
12433,Norway
15492,United Kingdom
15492,United Kingdom
15492,United Kingdom
15492,United Kingdom
15492,United Kingdom
15492,United Kingdom
15492,United Kingdom
15492,United Kingdom
15492,United Kingdom
15492,United Kingdom
15492,United Kingdom
15492,United Kingdom
15492,United Kingdom
15492,United Kingdom
15492,United Kingdom
15492,United Kingdom
15492,United Kingdom
15492,United Kingdom
15492,United Kingdom
15492,United Kingdom
15492,United Kingdom
15492,United Kingdom
15492,United Kingdom
15492,United Kingdom
15492,United Kingdom
15492,United Kingdom
15492,United Kingdom
15492,United Kingdom
15492,United Kingdom
15492,United Kingdom
15492,United Kingdom
15492,United Kingdom
15492,United Kingdom
15492,United Kingdom
15492,United Kingdom
15492,United Kingdom
15492,United Kingdom
15492,United Kingdom
15492,United Kingdom
15492,United Kingdom
15492,United Kingdom
15492,United Kingdom
15492,United Kingdom
15492,United Kingdom
15492,United Kingdom
15492,United Kingdom
15492,United Kingdom
15492,United Kingdom
15492,United Kingdom
15492,United Kingdom
15492,United Kingdom
15492,United Kingdom
15492,United Kingdom
15492,United Kingdom
15492,United Kingdom
15492,United Kingdom
15492,United Kingdom
15492,United Kingdom
15492,United Kingdom
15492,United Kingdom
15492,United Kingdom
15492,United Kingdom
15492,United Kingdom
15492,United Kingdom
15492,United Kingdom
15492,United Kingdom
15492,United Kingdom
15492,United Kingdom
15492,United Kingdom
15492,United Kingdom
15492,United Kingdom
15492,United Kingdom
15492,United Kingdom
15492,United Kingdom
15492,United Kingdom
15492,United Kingdom
15492,United Kingdom
15492,United Kingdom
15492,United Kingdom
15492,United Kingdom
15492,United Kingdom
15492,United Kingdom
15492,United Kingdom
15492,United Kingdom
15492,United Kingdom
15492,United Kingdom
15492,United Kingdom
15492,United Kingdom
15492,United Kingdom
15492,United Kingdom
15492,United Kingdom
15492,United Kingdom
15492,United Kingdom
15492,United Kingdom
15492,United Kingdom
15492,United Kingdom
15492,United Kingdom
15492,United Kingdom
15492,United Kingdom
15492,United Kingdom
15492,United Kingdom
15492,United Kingdom
15492,United Kingdom
15492,United Kingdom
15492,United Kingdom
15492,United Kingdom
15492,United Kingdom
15492,United Kingdom
15492,United Kingdom
15492,United Kingdom
15492,United Kingdom
15492,United Kingdom
15492,United Kingdom
15492,United Kingdom
15492,United Kingdom
15492,United Kingdom
15492,United Kingdom
15492,United Kingdom
15492,United Kingdom
15492,United Kingdom
15492,United Kingdom
15492,United Kingdom
15492,United Kingdom
15492,United Kingdom
15492,United Kingdom
15492,United Kingdom
15492,United Kingdom
15492,United Kingdom
15492,United Kingdom
15492,United Kingdom
15492,United Kingdom
15492,United Kingdom
15492,United Kingdom
15492,United Kingdom
15492,United Kingdom
15492,United Kingdom
15492,United Kingdom
15492,United Kingdom
15492,United Kingdom
15492,United Kingdom
15492,United Kingdom
15492,United Kingdom
15492,United Kingdom
15492,United Kingdom
15492,United Kingdom
15492,United Kingdom
15492,United Kingdom
15492,United Kingdom
15492,United Kingdom
15492,United Kingdom
15492,United Kingdom
15492,United Kingdom
15492,United Kingdom
15492,United Kingdom
15492,United Kingdom
15492,United Kingdom
15492,United Kingdom
15492,United Kingdom
15492,United Kingdom
15492,United Kingdom
15492,United Kingdom
15492,United Kingdom
15492,United Kingdom
15492,United Kingdom
15492,United Kingdom
15492,United Kingdom
15492,United Kingdom
15492,United Kingdom
15492,United Kingdom
15492,United Kingdom
15492,United Kingdom
15492,United Kingdom
15492,United Kingdom
15492,United Kingdom
15492,United Kingdom
15492,United Kingdom
15492,United Kingdom
15492,United Kingdom
15492,United Kingdom
15492,United Kingdom
15492,United Kingdom
15492,United Kingdom
15492,United Kingdom
15492,United Kingdom
15492,United Kingdom
15492,United Kingdom
15492,United Kingdom
15492,United Kingdom
15492,United Kingdom
15492,United Kingdom
15492,United Kingdom
15492,United Kingdom
15492,United Kingdom
15492,United Kingdom
15492,United Kingdom
15492,United Kingdom
15492,United Kingdom
15492,United Kingdom
15492,United Kingdom
15492,United Kingdom
15492,United Kingdom
15492,United Kingdom
15492,United Kingdom
15492,United Kingdom
15492,United Kingdom
15492,United Kingdom
15492,United Kingdom
15492,United Kingdom
15492,United Kingdom
15492,United Kingdom
15492,United Kingdom
15492,United Kingdom
15492,United Kingdom
15492,United Kingdom
15492,United Kingdom
15492,United Kingdom
15492,United Kingdom
15492,United Kingdom
15492,United Kingdom
15492,United Kingdom
15492,United Kingdom
15492,United Kingdom
15492,United Kingdom
15492,United Kingdom
15492,United Kingdom
15492,United Kingdom
15492,United Kingdom
15492,United Kingdom
15492,United Kingdom
15492,United Kingdom
15492,United Kingdom
15492,United Kingdom
15492,United Kingdom
15492,United Kingdom
15492,United Kingdom
15492,United Kingdom
15492,United Kingdom
15492,United Kingdom
15492,United Kingdom
15492,United Kingdom
15492,United Kingdom
15492,United Kingdom
15492,United Kingdom
15492,United Kingdom
15492,United Kingdom
15492,United Kingdom
15492,United Kingdom
15492,United Kingdom
15492,United Kingdom
15492,United Kingdom
15492,United Kingdom
15492,United Kingdom
15492,United Kingdom
15492,United Kingdom
15492,United Kingdom
15492,United Kingdom
15492,United Kingdom
15492,United Kingdom
15492,United Kingdom
15492,United Kingdom
15492,United Kingdom
15492,United Kingdom
15492,United Kingdom
15492,United Kingdom
15492,United Kingdom
15492,United Kingdom
15492,United Kingdom
15492,United Kingdom
15492,United Kingdom
15492,United Kingdom
15492,United Kingdom
15492,United Kingdom
15492,United Kingdom
15492,United Kingdom
15492,United Kingdom
15492,United Kingdom
15492,United Kingdom
15492,United Kingdom
15492,United Kingdom
15492,United Kingdom
15492,United Kingdom
15492,United Kingdom
15492,United Kingdom
15492,United Kingdom
15492,United Kingdom
15492,United Kingdom
15492,United Kingdom
15492,United Kingdom
15492,United Kingdom
15492,United Kingdom
15492,United Kingdom
15492,United Kingdom
15492,United Kingdom
15492,United Kingdom
15492,United Kingdom
15492,United Kingdom
15492,United Kingdom
15492,United Kingdom
15492,United Kingdom
15492,United Kingdom
15492,United Kingdom
15492,United Kingdom
15492,United Kingdom
15492,United Kingdom
15492,United Kingdom
15492,United Kingdom
15492,United Kingdom
15492,United Kingdom
15492,United Kingdom
15492,United Kingdom
15492,United Kingdom
15492,United Kingdom
15492,United Kingdom
15492,United Kingdom
15492,United Kingdom
15492,United Kingdom
15492,United Kingdom
15492,United Kingdom
15492,United Kingdom
15492,United Kingdom
15492,United Kingdom
15492,United Kingdom
15492,United Kingdom
15492,United Kingdom
15492,United Kingdom
15492,United Kingdom
15492,United Kingdom
15492,United Kingdom
15492,United Kingdom
15492,United Kingdom
15492,United Kingdom
15492,United Kingdom
15492,United Kingdom
15492,United Kingdom
15492,United Kingdom
15492,United Kingdom
15492,United Kingdom
15492,United Kingdom
15492,United Kingdom
15492,United Kingdom
15492,United Kingdom
15492,United Kingdom
15492,United Kingdom
15492,United Kingdom
15492,United Kingdom
15492,United Kingdom
15492,United Kingdom
15492,United Kingdom
15492,United Kingdom
15492,United Kingdom
15492,United Kingdom
15492,United Kingdom
15492,United Kingdom
15492,United Kingdom
15492,United Kingdom
15492,United Kingdom
15492,United Kingdom
15492,United Kingdom
15492,United Kingdom
15492,United Kingdom
15492,United Kingdom
15492,United Kingdom
15492,United Kingdom
15492,United Kingdom
15492,United Kingdom
15492,United Kingdom
15492,United Kingdom
15492,United Kingdom
15492,United Kingdom
15492,United Kingdom
15492,United Kingdom
15492,United Kingdom
15492,United Kingdom
15492,United Kingdom
15492,United Kingdom
15492,United Kingdom
15492,United Kingdom
15492,United Kingdom
15492,United Kingdom
15492,United Kingdom
15492,United Kingdom
15492,United Kingdom
15492,United Kingdom
15492,United Kingdom
15492,United Kingdom
15492,United Kingdom
15492,United Kingdom
15492,United Kingdom
15492,United Kingdom
15492,United Kingdom
15492,United Kingdom
15492,United Kingdom
15492,United Kingdom
15492,United Kingdom
15492,United Kingdom
15492,United Kingdom
15492,United Kingdom
15492,United Kingdom
15492,United Kingdom
15492,United Kingdom
15492,United Kingdom
15492,United Kingdom
15492,United Kingdom
15492,United Kingdom
15492,United Kingdom
15492,United Kingdom
15492,United Kingdom
15492,United Kingdom
15492,United Kingdom
15492,United Kingdom
15492,United Kingdom
15492,United Kingdom
15492,United Kingdom
15492,United Kingdom
15492,United Kingdom
15492,United Kingdom
15492,United Kingdom
15492,United Kingdom
15492,United Kingdom
15492,United Kingdom
15492,United Kingdom
15492,United Kingdom
15492,United Kingdom
15492,United Kingdom
15492,United Kingdom
15492,United Kingdom
15492,United Kingdom
15492,United Kingdom
15492,United Kingdom
15492,United Kingdom
15492,United Kingdom
15492,United Kingdom
15492,United Kingdom
15492,United Kingdom
15492,United Kingdom
15492,United Kingdom
15492,United Kingdom
15492,United Kingdom
15492,United Kingdom
15492,United Kingdom
15492,United Kingdom
15492,United Kingdom
15492,United Kingdom
15492,United Kingdom
15492,United Kingdom
15492,United Kingdom
15492,United Kingdom
15492,United Kingdom
15492,United Kingdom
15492,United Kingdom
15492,United Kingdom
15492,United Kingdom
15492,United Kingdom
15492,United Kingdom
15492,United Kingdom
15492,United Kingdom
15492,United Kingdom
15492,United Kingdom
15492,United Kingdom
15492,United Kingdom
15492,United Kingdom
15492,United Kingdom
15492,United Kingdom
15492,United Kingdom
15492,United Kingdom
15492,United Kingdom
15492,United Kingdom
15492,United Kingdom
15492,United Kingdom
15492,United Kingdom
15492,United Kingdom
15492,United Kingdom
15492,United Kingdom
15492,United Kingdom
15492,United Kingdom
15492,United Kingdom
15492,United Kingdom
15492,United Kingdom
15492,United Kingdom
15492,United Kingdom
15492,United Kingdom
15492,United Kingdom
15492,United Kingdom
15492,United Kingdom
15492,United Kingdom
15492,United Kingdom
15492,United Kingdom
15492,United Kingdom
15492,United Kingdom
15492,United Kingdom
15492,United Kingdom
15492,United Kingdom
15492,United Kingdom
15492,United Kingdom
15492,United Kingdom
15492,United Kingdom
15492,United Kingdom
15492,United Kingdom
15492,United Kingdom
15492,United Kingdom
15492,United Kingdom
15492,United Kingdom
15492,United Kingdom
15492,United Kingdom
15492,United Kingdom
15492,United Kingdom
15492,United Kingdom
15492,United Kingdom
15492,United Kingdom
15492,United Kingdom
15492,United Kingdom
15492,United Kingdom
15492,United Kingdom
15492,United Kingdom
15492,United Kingdom
15492,United Kingdom
15492,United Kingdom
15492,United Kingdom
15492,United Kingdom
15492,United Kingdom
15492,United Kingdom
15492,United Kingdom
15492,United Kingdom
15492,United Kingdom
15492,United Kingdom
15492,United Kingdom
15492,United Kingdom
15492,United Kingdom
15492,United Kingdom
15492,United Kingdom
15492,United Kingdom
15492,United Kingdom
15492,United Kingdom
15492,United Kingdom
15492,United Kingdom
15492,United Kingdom
15492,United Kingdom
15492,United Kingdom
15492,United Kingdom
15492,United Kingdom
15492,United Kingdom
15492,United Kingdom
15492,United Kingdom
15492,United Kingdom
15492,United Kingdom
15492,United Kingdom
15492,United Kingdom
15492,United Kingdom
15492,United Kingdom
15492,United Kingdom
15492,United Kingdom
15492,United Kingdom
15492,United Kingdom
15492,United Kingdom
15492,United Kingdom
15492,United Kingdom
15492,United Kingdom
15492,United Kingdom
15492,United Kingdom
15492,United Kingdom
15492,United Kingdom
15492,United Kingdom
15492,United Kingdom
15492,United Kingdom
15492,United Kingdom
15492,United Kingdom
15492,United Kingdom
15492,United Kingdom
15492,United Kingdom
15492,United Kingdom
15492,United Kingdom
15492,United Kingdom
15492,United Kingdom
15492,United Kingdom
15492,United Kingdom
15492,United Kingdom
15492,United Kingdom
15492,United Kingdom
15492,United Kingdom
15492,United Kingdom
15492,United Kingdom
15492,United Kingdom
15492,United Kingdom
15492,United Kingdom
15492,United Kingdom
15492,United Kingdom
15492,United Kingdom
15492,United Kingdom
15492,United Kingdom
15492,United Kingdom
15492,United Kingdom
15492,United Kingdom
15492,United Kingdom
15492,United Kingdom
15492,United Kingdom
15492,United Kingdom
15492,United Kingdom
15492,United Kingdom
15492,United Kingdom
15492,United Kingdom
15492,United Kingdom
15492,United Kingdom
15492,United Kingdom
15492,United Kingdom
15492,United Kingdom
15492,United Kingdom
15492,United Kingdom
15492,United Kingdom
15492,United Kingdom
15492,United Kingdom
15492,United Kingdom
15492,United Kingdom
15492,United Kingdom
15492,United Kingdom
15492,United Kingdom
15492,United Kingdom
15492,United Kingdom
15492,United Kingdom
15492,United Kingdom
15492,United Kingdom
15492,United Kingdom
15492,United Kingdom
15492,United Kingdom
15492,United Kingdom
15492,United Kingdom
15492,United Kingdom
15492,United Kingdom
15492,United Kingdom
15492,United Kingdom
15492,United Kingdom
15492,United Kingdom
15492,United Kingdom
15492,United Kingdom
15492,United Kingdom
15492,United Kingdom
15492,United Kingdom
15492,United Kingdom
15492,United Kingdom
15492,United Kingdom
15492,United Kingdom
15492,United Kingdom
15492,United Kingdom
15492,United Kingdom
15492,United Kingdom
15492,United Kingdom
15492,United Kingdom
15492,United Kingdom
15492,United Kingdom
15492,United Kingdom
15492,United Kingdom
15492,United Kingdom
15492,United Kingdom
15492,United Kingdom
15492,United Kingdom
15492,United Kingdom
15492,United Kingdom
15492,United Kingdom
15492,United Kingdom
15492,United Kingdom
15492,United Kingdom
15492,United Kingdom
15492,United Kingdom
15492,United Kingdom
15492,United Kingdom
15492,United Kingdom
15492,United Kingdom
15492,United Kingdom
15492,United Kingdom
15492,United Kingdom
15492,United Kingdom
15492,United Kingdom
15492,United Kingdom
15492,United Kingdom
15492,United Kingdom
15492,United Kingdom
15492,United Kingdom
15492,United Kingdom
15492,United Kingdom
15492,United Kingdom
15492,United Kingdom
15492,United Kingdom
15492,United Kingdom
15492,United Kingdom
15492,United Kingdom
15492,United Kingdom
15492,United Kingdom
15492,United Kingdom
15492,United Kingdom
15492,United Kingdom
15492,United Kingdom
15492,United Kingdom
15492,United Kingdom
15492,United Kingdom
15492,United Kingdom
15492,United Kingdom
15492,United Kingdom
15492,United Kingdom
15492,United Kingdom
15492,United Kingdom
15492,United Kingdom
15492,United Kingdom
15492,United Kingdom
15492,United Kingdom
15492,United Kingdom
15492,United Kingdom
15492,United Kingdom
15492,United Kingdom
15492,United Kingdom
15492,United Kingdom
15492,United Kingdom
15492,United Kingdom
15492,United Kingdom
15492,United Kingdom
15492,United Kingdom
15492,United Kingdom
15492,United Kingdom
15492,United Kingdom
15492,United Kingdom
15492,United Kingdom
15492,United Kingdom
15492,United Kingdom
15492,United Kingdom
15492,United Kingdom
15492,United Kingdom
15492,United Kingdom
15492,United Kingdom
15492,United Kingdom
15492,United Kingdom
15492,United Kingdom
15492,United Kingdom
12423,Belgium
12423,Belgium
12423,Belgium
12423,Belgium
12423,Belgium
12423,Belgium
12423,Belgium
12423,Belgium
12423,Belgium
12423,Belgium
12423,Belgium
12423,Belgium
12423,Belgium
12423,Belgium
12423,Belgium
12423,Belgium
12518,Germany
12518,Germany
12518,Germany
12518,Germany
12518,Germany
12518,Germany
12518,Germany
12518,Germany
12518,Germany
12518,Germany
12518,Germany
12518,Germany
12518,Germany
12518,Germany
12518,Germany
12518,Germany
12518,Germany
14051,United Kingdom
14051,United Kingdom
14051,United Kingdom
14051,United Kingdom
14051,United Kingdom
14051,United Kingdom
14051,United Kingdom
14051,United Kingdom
14051,United Kingdom
14051,United Kingdom
14051,United Kingdom
14051,United Kingdom
14051,United Kingdom
14051,United Kingdom
16558,United Kingdom
16558,United Kingdom
16558,United Kingdom
16558,United Kingdom
16558,United Kingdom
16558,United Kingdom
16558,United Kingdom
16558,United Kingdom
16558,United Kingdom
16558,United Kingdom
16558,United Kingdom
16558,United Kingdom
16558,United Kingdom
16558,United Kingdom
16558,United Kingdom
16558,United Kingdom
16558,United Kingdom
16558,United Kingdom
16558,United Kingdom
16558,United Kingdom
16558,United Kingdom
16558,United Kingdom
16558,United Kingdom
16558,United Kingdom
16558,United Kingdom
16558,United Kingdom
16558,United Kingdom
16558,United Kingdom
16558,United Kingdom
16558,United Kingdom
16558,United Kingdom
16558,United Kingdom
17497,United Kingdom
17497,United Kingdom
17497,United Kingdom
17497,United Kingdom
17497,United Kingdom
17497,United Kingdom
17497,United Kingdom
17497,United Kingdom
17497,United Kingdom
17497,United Kingdom
17497,United Kingdom
17497,United Kingdom
17497,United Kingdom
17497,United Kingdom
17497,United Kingdom
17497,United Kingdom
17497,United Kingdom
17497,United Kingdom
17497,United Kingdom
17497,United Kingdom
17497,United Kingdom
17497,United Kingdom
17497,United Kingdom
17497,United Kingdom
17497,United Kingdom
17497,United Kingdom
17497,United Kingdom
17497,United Kingdom
17497,United Kingdom
17497,United Kingdom
17497,United Kingdom
17497,United Kingdom
17497,United Kingdom
17497,United Kingdom
17497,United Kingdom
17497,United Kingdom
17497,United Kingdom
17497,United Kingdom
17497,United Kingdom
17497,United Kingdom
17497,United Kingdom
17497,United Kingdom
17497,United Kingdom
17497,United Kingdom
17497,United Kingdom
17497,United Kingdom
17497,United Kingdom
17497,United Kingdom
17497,United Kingdom
17497,United Kingdom
17497,United Kingdom
17497,United Kingdom
17497,United Kingdom
17497,United Kingdom
17497,United Kingdom
17497,United Kingdom
17497,United Kingdom
17497,United Kingdom
17497,United Kingdom
14498,United Kingdom
14498,United Kingdom
14498,United Kingdom
14498,United Kingdom
14498,United Kingdom
14498,United Kingdom
14498,United Kingdom
14498,United Kingdom
14498,United Kingdom
14498,United Kingdom
14498,United Kingdom
14498,United Kingdom
14498,United Kingdom
14498,United Kingdom
14498,United Kingdom
14498,United Kingdom
14498,United Kingdom
14498,United Kingdom
14498,United Kingdom
14498,United Kingdom
14498,United Kingdom
14498,United Kingdom
14498,United Kingdom
14498,United Kingdom
14498,United Kingdom
14498,United Kingdom
14498,United Kingdom
14498,United Kingdom
14498,United Kingdom
14498,United Kingdom
14498,United Kingdom
14498,United Kingdom
14498,United Kingdom
14498,United Kingdom
14498,United Kingdom
14498,United Kingdom
14498,United Kingdom
14498,United Kingdom
14498,United Kingdom
14498,United Kingdom
14498,United Kingdom
14498,United Kingdom
14498,United Kingdom
14498,United Kingdom
14498,United Kingdom
14498,United Kingdom
14498,United Kingdom
14498,United Kingdom
14498,United Kingdom
14498,United Kingdom
14498,United Kingdom
14498,United Kingdom
14498,United Kingdom
14498,United Kingdom
14498,United Kingdom
14498,United Kingdom
14498,United Kingdom
14498,United Kingdom
14498,United Kingdom
14498,United Kingdom
14498,United Kingdom
14498,United Kingdom
14498,United Kingdom
14498,United Kingdom
14498,United Kingdom
14498,United Kingdom
14498,United Kingdom
14498,United Kingdom
14498,United Kingdom
14498,United Kingdom
14498,United Kingdom
14498,United Kingdom
14498,United Kingdom
14498,United Kingdom
14498,United Kingdom
14498,United Kingdom
14498,United Kingdom
14498,United Kingdom
14498,United Kingdom
14498,United Kingdom
14498,United Kingdom
14498,United Kingdom
14498,United Kingdom
14498,United Kingdom
14498,United Kingdom
14498,United Kingdom
14498,United Kingdom
14498,United Kingdom
14498,United Kingdom
14498,United Kingdom
14498,United Kingdom
14498,United Kingdom
14498,United Kingdom
14498,United Kingdom
14498,United Kingdom
14498,United Kingdom
14498,United Kingdom
14498,United Kingdom
14498,United Kingdom
14498,United Kingdom
14498,United Kingdom
14498,United Kingdom
14498,United Kingdom
14498,United Kingdom
14498,United Kingdom
14498,United Kingdom
14498,United Kingdom
14498,United Kingdom
14498,United Kingdom
14498,United Kingdom
14498,United Kingdom
14498,United Kingdom
14498,United Kingdom
14498,United Kingdom
14498,United Kingdom
14498,United Kingdom
14498,United Kingdom
14498,United Kingdom
14498,United Kingdom
14498,United Kingdom
14498,United Kingdom
14498,United Kingdom
14498,United Kingdom
14498,United Kingdom
14498,United Kingdom
14498,United Kingdom
14498,United Kingdom
14498,United Kingdom
14498,United Kingdom
14498,United Kingdom
14498,United Kingdom
14498,United Kingdom
14498,United Kingdom
14498,United Kingdom
14498,United Kingdom
14498,United Kingdom
14498,United Kingdom
14498,United Kingdom
14498,United Kingdom
14498,United Kingdom
14498,United Kingdom
14498,United Kingdom
14498,United Kingdom
14498,United Kingdom
14498,United Kingdom
14498,United Kingdom
14498,United Kingdom
14498,United Kingdom
14498,United Kingdom
14498,United Kingdom
14498,United Kingdom
14498,United Kingdom
14498,United Kingdom
14498,United Kingdom
14498,United Kingdom
14498,United Kingdom
14498,United Kingdom
14498,United Kingdom
14498,United Kingdom
14498,United Kingdom
14498,United Kingdom
14498,United Kingdom
14498,United Kingdom
14498,United Kingdom
14498,United Kingdom
14498,United Kingdom
14498,United Kingdom
14498,United Kingdom
14498,United Kingdom
14498,United Kingdom
14498,United Kingdom
14498,United Kingdom
14498,United Kingdom
14498,United Kingdom
14498,United Kingdom
14498,United Kingdom
14498,United Kingdom
14498,United Kingdom
14498,United Kingdom
14498,United Kingdom
14498,United Kingdom
14498,United Kingdom
14498,United Kingdom
14498,United Kingdom
14498,United Kingdom
14498,United Kingdom
14498,United Kingdom
14498,United Kingdom
14498,United Kingdom
14498,United Kingdom
14498,United Kingdom
14498,United Kingdom
14498,United Kingdom
14498,United Kingdom
14498,United Kingdom
14498,United Kingdom
14498,United Kingdom
14498,United Kingdom
14498,United Kingdom
14498,United Kingdom
14498,United Kingdom
14498,United Kingdom
14498,United Kingdom
14498,United Kingdom
14498,United Kingdom
14498,United Kingdom
14498,United Kingdom
14498,United Kingdom
14498,United Kingdom
14498,United Kingdom
14498,United Kingdom
14498,United Kingdom
14498,United Kingdom
14498,United Kingdom
14498,United Kingdom
14498,United Kingdom
15344,United Kingdom
15344,United Kingdom
15344,United Kingdom
12985,United Kingdom
12985,United Kingdom
12985,United Kingdom
12985,United Kingdom
12985,United Kingdom
12985,United Kingdom
12985,United Kingdom
12985,United Kingdom
12985,United Kingdom
12985,United Kingdom
12985,United Kingdom
12985,United Kingdom
12985,United Kingdom
12985,United Kingdom
12985,United Kingdom
12985,United Kingdom
12985,United Kingdom
12985,United Kingdom
12985,United Kingdom
12985,United Kingdom
12985,United Kingdom
12985,United Kingdom
12985,United Kingdom
12985,United Kingdom
15910,United Kingdom
15910,United Kingdom
15910,United Kingdom
15910,United Kingdom
15910,United Kingdom
15910,United Kingdom
15910,United Kingdom
15910,United Kingdom
15910,United Kingdom
15910,United Kingdom
15910,United Kingdom
15910,United Kingdom
15910,United Kingdom
15910,United Kingdom
15910,United Kingdom
15910,United Kingdom
15910,United Kingdom
15910,United Kingdom
15910,United Kingdom
15910,United Kingdom
17754,United Kingdom
17754,United Kingdom
17754,United Kingdom
17754,United Kingdom
17754,United Kingdom
17754,United Kingdom
17754,United Kingdom
17754,United Kingdom
17754,United Kingdom
17754,United Kingdom
17754,United Kingdom
17754,United Kingdom
17754,United Kingdom
17754,United Kingdom
17754,United Kingdom
17754,United Kingdom
17754,United Kingdom
17754,United Kingdom
17754,United Kingdom
17754,United Kingdom
17754,United Kingdom
17754,United Kingdom
17754,United Kingdom
17754,United Kingdom
14422,United Kingdom
14422,United Kingdom
14422,United Kingdom
14422,United Kingdom
14422,United Kingdom
14422,United Kingdom
14422,United Kingdom
14422,United Kingdom
14422,United Kingdom
14422,United Kingdom
14422,United Kingdom
14422,United Kingdom
14422,United Kingdom
14422,United Kingdom
14422,United Kingdom
14446,United Kingdom
14446,United Kingdom
14446,United Kingdom
14446,United Kingdom
14446,United Kingdom
14446,United Kingdom
14446,United Kingdom
14446,United Kingdom
14446,United Kingdom
14446,United Kingdom
14446,United Kingdom
14446,United Kingdom
14446,United Kingdom
14446,United Kingdom
14446,United Kingdom
14446,United Kingdom
14446,United Kingdom
14446,United Kingdom
14446,United Kingdom
14446,United Kingdom
14446,United Kingdom
14446,United Kingdom
14446,United Kingdom
14446,United Kingdom
14446,United Kingdom
14446,United Kingdom
14446,United Kingdom
14446,United Kingdom
14446,United Kingdom
14446,United Kingdom
14446,United Kingdom
14446,United Kingdom
14446,United Kingdom
14446,United Kingdom
14446,United Kingdom
14446,United Kingdom
14446,United Kingdom
14446,United Kingdom
14446,United Kingdom
14446,United Kingdom
14446,United Kingdom
14446,United Kingdom
14446,United Kingdom
14446,United Kingdom
14446,United Kingdom
14446,United Kingdom
14446,United Kingdom
14446,United Kingdom
14446,United Kingdom
14446,United Kingdom
14446,United Kingdom
14446,United Kingdom
14446,United Kingdom
14446,United Kingdom
14446,United Kingdom
14446,United Kingdom
14446,United Kingdom
14446,United Kingdom
14446,United Kingdom
14446,United Kingdom
14446,United Kingdom
14446,United Kingdom
14446,United Kingdom
14446,United Kingdom
14446,United Kingdom
14446,United Kingdom
14446,United Kingdom
14446,United Kingdom
14446,United Kingdom
14446,United Kingdom
14446,United Kingdom
14446,United Kingdom
14446,United Kingdom
14446,United Kingdom
18102,United Kingdom
16626,United Kingdom
16626,United Kingdom
16626,United Kingdom
16626,United Kingdom
16626,United Kingdom
16626,United Kingdom
16626,United Kingdom
16626,United Kingdom
16626,United Kingdom
16626,United Kingdom
16626,United Kingdom
16626,United Kingdom
12662,Germany
12662,Germany
12662,Germany
12662,Germany
12662,Germany
12662,Germany
12662,Germany
12662,Germany
12662,Germany
12662,Germany
12662,Germany
12662,Germany
15311,United Kingdom
15311,United Kingdom
15311,United Kingdom
15311,United Kingdom
15311,United Kingdom
15311,United Kingdom
15311,United Kingdom
15311,United Kingdom
15311,United Kingdom
15311,United Kingdom
15311,United Kingdom
15311,United Kingdom
15311,United Kingdom
15311,United Kingdom
15311,United Kingdom
15311,United Kingdom
15311,United Kingdom
15311,United Kingdom
15311,United Kingdom
15311,United Kingdom
16705,United Kingdom
16705,United Kingdom
16705,United Kingdom
16705,United Kingdom
12526,Germany
12526,Germany
12526,Germany
12526,Germany
12526,Germany
12526,Germany
12526,Germany
12526,Germany
12526,Germany
12526,Germany
12526,Germany
12526,Germany
12713,Germany
12713,Germany
12713,Germany
12713,Germany
12713,Germany
12713,Germany
12713,Germany
12713,Germany
12713,Germany
12713,Germany
12713,Germany
12713,Germany
12713,Germany
12713,Germany
12713,Germany
12713,Germany
12713,Germany
12713,Germany
12713,Germany
12713,Germany
12713,Germany
12713,Germany
12713,Germany
12713,Germany
12713,Germany
12713,Germany
12713,Germany
12713,Germany
12713,Germany
12713,Germany
12713,Germany
12713,Germany
12713,Germany
12713,Germany
12713,Germany
12713,Germany
12713,Germany
17581,United Kingdom
17581,United Kingdom
17581,United Kingdom
17581,United Kingdom
17581,United Kingdom
17581,United Kingdom
17581,United Kingdom
17581,United Kingdom
17581,United Kingdom
17581,United Kingdom
17581,United Kingdom
17581,United Kingdom
17581,United Kingdom
17581,United Kingdom
17581,United Kingdom
17581,United Kingdom
17581,United Kingdom
17581,United Kingdom
17581,United Kingdom
17581,United Kingdom
17581,United Kingdom
17581,United Kingdom
17581,United Kingdom
17581,United Kingdom
17581,United Kingdom
17581,United Kingdom
17581,United Kingdom
17581,United Kingdom
17581,United Kingdom
17581,United Kingdom
12748,United Kingdom
12748,United Kingdom
12748,United Kingdom
12748,United Kingdom
12748,United Kingdom
12748,United Kingdom
12748,United Kingdom
12748,United Kingdom
12748,United Kingdom
12748,United Kingdom
12748,United Kingdom
12748,United Kingdom
12748,United Kingdom
12748,United Kingdom
12748,United Kingdom
12748,United Kingdom
12748,United Kingdom
12748,United Kingdom
12748,United Kingdom
12748,United Kingdom
12748,United Kingdom
12748,United Kingdom
12748,United Kingdom
12748,United Kingdom
17581,United Kingdom
17581,United Kingdom
17581,United Kingdom
17581,United Kingdom
17581,United Kingdom
13777,United Kingdom
13777,United Kingdom
13777,United Kingdom
13777,United Kingdom
15804,United Kingdom
15804,United Kingdom
15804,United Kingdom
15804,United Kingdom
15804,United Kingdom
15804,United Kingdom
15804,United Kingdom
15804,United Kingdom
15804,United Kingdom
15804,United Kingdom
15804,United Kingdom
15804,United Kingdom
15804,United Kingdom
15804,United Kingdom
15804,United Kingdom
15804,United Kingdom
15804,United Kingdom
15804,United Kingdom
15804,United Kingdom
15804,United Kingdom
15804,United Kingdom
13113,United Kingdom
13113,United Kingdom
13113,United Kingdom
13113,United Kingdom
12680,France
12680,France
12680,France
12680,France
12680,France
12680,France
12680,France
12680,France
12680,France
12680,France
12680,France
12680,France
12680,France
12680,France
12680,France
12433,Norway
14441,United Kingdom
17389,United Kingdom
16446,United Kingdom
14397,United Kingdom
14397,United Kingdom
15311,United Kingdom
17315,United Kingdom
17315,United Kingdom
14251,United Kingdom
14251,United Kingdom
14251,United Kingdom
14251,United Kingdom
14251,United Kingdom
14251,United Kingdom
14251,United Kingdom
14251,United Kingdom
14251,United Kingdom
14251,United Kingdom
13408,United Kingdom
13408,United Kingdom
13408,United Kingdom
13408,United Kingdom
13408,United Kingdom
13408,United Kingdom
13408,United Kingdom
13408,United Kingdom
16523,United Kingdom
16523,United Kingdom
16523,United Kingdom
16523,United Kingdom
16523,United Kingdom
16523,United Kingdom
16523,United Kingdom
16523,United Kingdom
16523,United Kingdom
16523,United Kingdom
16523,United Kingdom
16523,United Kingdom
16523,United Kingdom
16523,United Kingdom
16523,United Kingdom
16523,United Kingdom
16523,United Kingdom
16523,United Kingdom
16523,United Kingdom
16523,United Kingdom
16523,United Kingdom
16523,United Kingdom
16523,United Kingdom
16523,United Kingdom
16217,United Kingdom
16217,United Kingdom
16217,United Kingdom
16217,United Kingdom
16217,United Kingdom
16217,United Kingdom
16217,United Kingdom
16217,United Kingdom
16217,United Kingdom
16217,United Kingdom
16217,United Kingdom
16217,United Kingdom
16217,United Kingdom
16217,United Kingdom
16217,United Kingdom
16217,United Kingdom
16217,United Kingdom
16217,United Kingdom
16217,United Kingdom
16217,United Kingdom
16217,United Kingdom
16217,United Kingdom
16217,United Kingdom
16217,United Kingdom
16217,United Kingdom
16217,United Kingdom
16217,United Kingdom
16217,United Kingdom
16217,United Kingdom
16217,United Kingdom
16217,United Kingdom
16217,United Kingdom
16217,United Kingdom
16217,United Kingdom
16217,United Kingdom
16217,United Kingdom
16217,United Kingdom
16217,United Kingdom
16217,United Kingdom
16217,United Kingdom
16217,United Kingdom
16217,United Kingdom
16217,United Kingdom
16217,United Kingdom
16217,United Kingdom
16217,United Kingdom
16217,United Kingdom
16217,United Kingdom
16217,United Kingdom
16217,United Kingdom
16217,United Kingdom
16217,United Kingdom
16217,United Kingdom
16217,United Kingdom
16217,United Kingdom
16217,United Kingdom
16217,United Kingdom
16217,United Kingdom
16217,United Kingdom
16217,United Kingdom
16217,United Kingdom
16217,United Kingdom
16217,United Kingdom
16217,United Kingdom
16217,United Kingdom
16217,United Kingdom
16217,United Kingdom
16217,United Kingdom
16217,United Kingdom
16217,United Kingdom
16217,United Kingdom
16217,United Kingdom
16217,United Kingdom
16217,United Kingdom
16217,United Kingdom
16217,United Kingdom
16217,United Kingdom
16217,United Kingdom
16217,United Kingdom
16217,United Kingdom
16217,United Kingdom
16217,United Kingdom
16217,United Kingdom
16217,United Kingdom
16217,United Kingdom
16217,United Kingdom
16217,United Kingdom
16217,United Kingdom
16217,United Kingdom
16217,United Kingdom
16217,United Kingdom
16217,United Kingdom
16217,United Kingdom
16217,United Kingdom
16217,United Kingdom
16217,United Kingdom
16217,United Kingdom
16217,United Kingdom
16217,United Kingdom
16217,United Kingdom
16217,United Kingdom
16217,United Kingdom
16217,United Kingdom
16217,United Kingdom
16217,United Kingdom
16217,United Kingdom
16217,United Kingdom
16217,United Kingdom
16217,United Kingdom
16217,United Kingdom
16217,United Kingdom
16217,United Kingdom
16217,United Kingdom
16217,United Kingdom
16217,United Kingdom
16217,United Kingdom
16217,United Kingdom
16217,United Kingdom
16217,United Kingdom
16217,United Kingdom
16217,United Kingdom
16217,United Kingdom
16217,United Kingdom
16217,United Kingdom
16217,United Kingdom
16217,United Kingdom
16217,United Kingdom
16217,United Kingdom
16217,United Kingdom
16217,United Kingdom
16217,United Kingdom
16217,United Kingdom
16217,United Kingdom
16217,United Kingdom
16217,United Kingdom
16217,United Kingdom
16217,United Kingdom
16217,United Kingdom
16217,United Kingdom
16217,United Kingdom
16217,United Kingdom
16217,United Kingdom
16217,United Kingdom
16217,United Kingdom
16217,United Kingdom
16217,United Kingdom
16217,United Kingdom
16217,United Kingdom
16217,United Kingdom
16217,United Kingdom
16217,United Kingdom
16217,United Kingdom
16217,United Kingdom
16217,United Kingdom
16217,United Kingdom
16217,United Kingdom
16217,United Kingdom
16217,United Kingdom
16217,United Kingdom
16217,United Kingdom
16217,United Kingdom
16217,United Kingdom
16217,United Kingdom
16217,United Kingdom
16217,United Kingdom
16217,United Kingdom
16217,United Kingdom
16217,United Kingdom
16217,United Kingdom
16217,United Kingdom
16217,United Kingdom
16217,United Kingdom
16217,United Kingdom
16217,United Kingdom
16217,United Kingdom
16217,United Kingdom
16217,United Kingdom
16217,United Kingdom
16217,United Kingdom
16217,United Kingdom
16217,United Kingdom
16217,United Kingdom
16217,United Kingdom
16217,United Kingdom
16217,United Kingdom
16217,United Kingdom
16217,United Kingdom
16217,United Kingdom
16217,United Kingdom
16217,United Kingdom
16217,United Kingdom
16217,United Kingdom
16217,United Kingdom
16217,United Kingdom
16217,United Kingdom
16217,United Kingdom
16217,United Kingdom
16217,United Kingdom
16217,United Kingdom
16217,United Kingdom
16217,United Kingdom
16217,United Kingdom
16217,United Kingdom
16217,United Kingdom
16217,United Kingdom
16217,United Kingdom
16217,United Kingdom
16217,United Kingdom
16217,United Kingdom
16217,United Kingdom
16217,United Kingdom
16217,United Kingdom
16217,United Kingdom
16217,United Kingdom
16217,United Kingdom
16217,United Kingdom
16217,United Kingdom
16217,United Kingdom
16217,United Kingdom
16217,United Kingdom
16217,United Kingdom
16217,United Kingdom
16217,United Kingdom
16217,United Kingdom
16217,United Kingdom
16217,United Kingdom
16217,United Kingdom
16217,United Kingdom
16217,United Kingdom
16217,United Kingdom
16217,United Kingdom
16217,United Kingdom
16217,United Kingdom
16217,United Kingdom
16217,United Kingdom
16217,United Kingdom
16217,United Kingdom
16217,United Kingdom
16217,United Kingdom
16217,United Kingdom
16217,United Kingdom
16217,United Kingdom
16217,United Kingdom
16217,United Kingdom
16217,United Kingdom
16217,United Kingdom
16217,United Kingdom
16217,United Kingdom
16217,United Kingdom
16217,United Kingdom
16217,United Kingdom
16217,United Kingdom
16217,United Kingdom
16217,United Kingdom
16217,United Kingdom
16217,United Kingdom
16217,United Kingdom
16217,United Kingdom
16217,United Kingdom
16217,United Kingdom
16217,United Kingdom
16217,United Kingdom
16217,United Kingdom
16217,United Kingdom
16217,United Kingdom
16217,United Kingdom
16217,United Kingdom
16217,United Kingdom
16217,United Kingdom
16217,United Kingdom
16217,United Kingdom
16217,United Kingdom
16217,United Kingdom
16217,United Kingdom
16217,United Kingdom
16217,United Kingdom
16217,United Kingdom
16217,United Kingdom
16217,United Kingdom
16217,United Kingdom
16217,United Kingdom
16217,United Kingdom
16217,United Kingdom
16217,United Kingdom
16217,United Kingdom
16217,United Kingdom
16217,United Kingdom
16217,United Kingdom
16217,United Kingdom
16217,United Kingdom
16217,United Kingdom
16217,United Kingdom
16217,United Kingdom
16217,United Kingdom
16217,United Kingdom
16217,United Kingdom
16217,United Kingdom
16217,United Kingdom
16217,United Kingdom
16217,United Kingdom
16217,United Kingdom
16217,United Kingdom
16217,United Kingdom
16217,United Kingdom
16217,United Kingdom
16217,United Kingdom
16217,United Kingdom
16217,United Kingdom
16217,United Kingdom
16217,United Kingdom
16217,United Kingdom
16217,United Kingdom
16217,United Kingdom
16217,United Kingdom
16217,United Kingdom
16217,United Kingdom
16217,United Kingdom
16217,United Kingdom
16217,United Kingdom
16217,United Kingdom
16217,United Kingdom
16217,United Kingdom
16217,United Kingdom
16217,United Kingdom
16217,United Kingdom
16217,United Kingdom
16217,United Kingdom
16217,United Kingdom
16217,United Kingdom
16217,United Kingdom
16217,United Kingdom
16217,United Kingdom
16217,United Kingdom
16217,United Kingdom
16217,United Kingdom
