,customer_id,country
0,17490,united kingdom
1,13069,united kingdom
2,13069,united kingdom
3,13069,united kingdom
4,13069,united kingdom
5,13069,united kingdom
6,13069,united kingdom
7,13069,united kingdom
8,13069,united kingdom
9,13069,united kingdom
10,13069,united kingdom
11,13069,united kingdom
12,13069,united kingdom
13,13069,united kingdom
14,13069,united kingdom
15,13069,united kingdom
16,13069,united kingdom
17,13069,united kingdom
18,13069,united kingdom
19,13069,united kingdom
20,12433,norway
21,12433,norway
22,12433,norway
23,12433,norway
24,12433,norway
25,12433,norway
26,12433,norway
27,12433,norway
28,12433,norway
29,12433,norway
30,12433,norway
31,12433,norway
32,12433,norway
33,12433,norway
34,12433,norway
35,12433,norway
36,12433,norway
37,12433,norway
38,12433,norway
39,12433,norway
40,12433,norway
41,12433,norway
42,12433,norway
43,12433,norway
44,12433,norway
45,12433,norway
46,12433,norway
47,12433,norway
48,12433,norway
49,12433,norway
50,12433,norway
51,12433,norway
52,12433,norway
53,12433,norway
54,12433,norway
55,12433,norway
56,12433,norway
57,12433,norway
58,12433,norway
59,12433,norway
60,12433,norway
61,12433,norway
62,12433,norway
63,12433,norway
64,12433,norway
65,12433,norway
66,12433,norway
67,12433,norway
68,12433,norway
69,12433,norway
70,12433,norway
71,12433,norway
72,12433,norway
73,12433,norway
74,12433,norway
75,12433,norway
76,12433,norway
77,12433,norway
78,12433,norway
79,12433,norway
80,12433,norway
81,12433,norway
82,12433,norway
83,12433,norway
84,13426,united kingdom
85,13426,united kingdom
86,13426,united kingdom
87,13426,united kingdom
88,13426,united kingdom
89,13426,united kingdom
90,13426,united kingdom
91,13426,united kingdom
92,13426,united kingdom
93,13426,united kingdom
94,17364,united kingdom
95,17364,united kingdom
96,17364,united kingdom
97,17364,united kingdom
98,17364,united kingdom
99,17364,united kingdom
100,17364,united kingdom
101,17364,united kingdom
102,17364,united kingdom
103,17364,united kingdom
104,17364,united kingdom
105,17364,united kingdom
106,17364,united kingdom
107,17364,united kingdom
108,17364,united kingdom
109,17364,united kingdom
110,17364,united kingdom
111,17364,united kingdom
112,17364,united kingdom
113,14441,united kingdom
114,14441,united kingdom
115,14441,united kingdom
116,14441,united kingdom
117,14441,united kingdom
118,14441,united kingdom
119,14441,united kingdom
120,14441,united kingdom
121,17490,united kingdom
122,17490,united kingdom
123,17490,united kingdom
124,17490,united kingdom
125,17490,united kingdom
126,17490,united kingdom
127,17490,united kingdom
128,17490,united kingdom
129,17490,united kingdom
130,17490,united kingdom
131,17490,united kingdom
132,17490,united kingdom
133,17490,united kingdom
134,17490,united kingdom
135,17490,united kingdom
136,17490,united kingdom
137,17490,united kingdom
138,17490,united kingdom
139,17490,united kingdom
140,17490,united kingdom
141,17490,united kingdom
142,16446,united kingdom
143,17389,united kingdom
144,17389,united kingdom
145,17001,united kingdom
146,17001,united kingdom
147,17001,united kingdom
148,17001,united kingdom
149,17001,united kingdom
150,17001,united kingdom
151,17001,united kingdom
152,17001,united kingdom
153,17001,united kingdom
154,17001,united kingdom
155,17001,united kingdom
156,17001,united kingdom
157,17001,united kingdom
158,17001,united kingdom
159,17001,united kingdom
160,17001,united kingdom
161,15694,united kingdom
162,17428,united kingdom
163,17428,united kingdom
164,17428,united kingdom
165,16954,united kingdom
166,16954,united kingdom
167,12433,norway
168,15492,united kingdom
169,15492,united kingdom
170,15492,united kingdom
171,15492,united kingdom
172,15492,united kingdom
173,15492,united kingdom
174,15492,united kingdom
175,15492,united kingdom
176,15492,united kingdom
177,15492,united kingdom
178,15492,united kingdom
179,15492,united kingdom
180,15492,united kingdom
181,15492,united kingdom
182,15492,united kingdom
183,15492,united kingdom
184,15492,united kingdom
185,15492,united kingdom
186,15492,united kingdom
187,15492,united kingdom
188,15492,united kingdom
189,15492,united kingdom
190,15492,united kingdom
191,15492,united kingdom
192,15492,united kingdom
193,15492,united kingdom
194,15492,united kingdom
195,15492,united kingdom
196,15492,united kingdom
197,15492,united kingdom
198,15492,united kingdom
199,15492,united kingdom
200,15492,united kingdom
201,15492,united kingdom
202,15492,united kingdom
203,15492,united kingdom
204,15492,united kingdom
205,15492,united kingdom
206,15492,united kingdom
207,15492,united kingdom
208,15492,united kingdom
209,15492,united kingdom
210,15492,united kingdom
211,15492,united kingdom
212,15492,united kingdom
213,15492,united kingdom
214,15492,united kingdom
215,15492,united kingdom
216,15492,united kingdom
217,15492,united kingdom
218,15492,united kingdom
219,15492,united kingdom
220,15492,united kingdom
221,15492,united kingdom
222,15492,united kingdom
223,15492,united kingdom
224,15492,united kingdom
225,15492,united kingdom
226,15492,united kingdom
227,15492,united kingdom
228,15492,united kingdom
229,15492,united kingdom
230,15492,united kingdom
231,15492,united kingdom
232,15492,united kingdom
233,15492,united kingdom
234,15492,united kingdom
235,15492,united kingdom
236,15492,united kingdom
237,15492,united kingdom
238,15492,united kingdom
239,15492,united kingdom
240,15492,united kingdom
241,15492,united kingdom
242,15492,united kingdom
243,15492,united kingdom
244,15492,united kingdom
245,15492,united kingdom
246,15492,united kingdom
247,15492,united kingdom
248,15492,united kingdom
249,15492,united kingdom
250,15492,united kingdom
251,15492,united kingdom
252,15492,united kingdom
253,15492,united kingdom
254,15492,united kingdom
255,15492,united kingdom
256,15492,united kingdom
257,15492,united kingdom
258,15492,united kingdom
259,15492,united kingdom
260,15492,united kingdom
261,15492,united kingdom
262,15492,united kingdom
263,15492,united kingdom
264,15492,united kingdom
265,15492,united kingdom
266,15492,united kingdom
267,15492,united kingdom
268,15492,united kingdom
269,15492,united kingdom
270,15492,united kingdom
271,15492,united kingdom
272,15492,united kingdom
273,15492,united kingdom
274,15492,united kingdom
275,15492,united kingdom
276,15492,united kingdom
277,15492,united kingdom
278,15492,united kingdom
279,15492,united kingdom
280,15492,united kingdom
281,15492,united kingdom
282,15492,united kingdom
283,15492,united kingdom
284,15492,united kingdom
285,15492,united kingdom
286,15492,united kingdom
287,15492,united kingdom
288,15492,united kingdom
289,15492,united kingdom
290,15492,united kingdom
291,15492,united kingdom
292,15492,united kingdom
293,15492,united kingdom
294,15492,united kingdom
295,15492,united kingdom
296,15492,united kingdom
297,15492,united kingdom
298,15492,united kingdom
299,15492,united kingdom
300,15492,united kingdom
301,15492,united kingdom
302,15492,united kingdom
303,15492,united kingdom
304,15492,united kingdom
305,15492,united kingdom
306,15492,united kingdom
307,15492,united kingdom
308,15492,united kingdom
309,15492,united kingdom
310,15492,united kingdom
311,15492,united kingdom
312,15492,united kingdom
313,15492,united kingdom
314,15492,united kingdom
315,15492,united kingdom
316,15492,united kingdom
317,15492,united kingdom
318,15492,united kingdom
319,15492,united kingdom
320,15492,united kingdom
321,15492,united kingdom
322,15492,united kingdom
323,15492,united kingdom
324,15492,united kingdom
325,15492,united kingdom
326,15492,united kingdom
327,15492,united kingdom
328,15492,united kingdom
329,15492,united kingdom
330,15492,united kingdom
331,15492,united kingdom
332,15492,united kingdom
333,15492,united kingdom
334,15492,united kingdom
335,15492,united kingdom
336,15492,united kingdom
337,15492,united kingdom
338,15492,united kingdom
339,15492,united kingdom
340,15492,united kingdom
341,15492,united kingdom
342,15492,united kingdom
343,15492,united kingdom
344,15492,united kingdom
345,15492,united kingdom
346,15492,united kingdom
347,15492,united kingdom
348,15492,united kingdom
349,15492,united kingdom
350,15492,united kingdom
351,15492,united kingdom
352,15492,united kingdom
353,15492,united kingdom
354,15492,united kingdom
355,15492,united kingdom
356,15492,united kingdom
357,15492,united kingdom
358,15492,united kingdom
359,15492,united kingdom
360,15492,united kingdom
361,15492,united kingdom
362,15492,united kingdom
363,15492,united kingdom
364,15492,united kingdom
365,15492,united kingdom
366,15492,united kingdom
367,15492,united kingdom
368,15492,united kingdom
369,15492,united kingdom
370,15492,united kingdom
371,15492,united kingdom
372,15492,united kingdom
373,15492,united kingdom
374,15492,united kingdom
375,15492,united kingdom
376,15492,united kingdom
377,15492,united kingdom
378,15492,united kingdom
379,15492,united kingdom
380,15492,united kingdom
381,15492,united kingdom
382,15492,united kingdom
383,15492,united kingdom
384,15492,united kingdom
385,15492,united kingdom
386,15492,united kingdom
387,15492,united kingdom
388,15492,united kingdom
389,15492,united kingdom
390,15492,united kingdom
391,15492,united kingdom
392,15492,united kingdom
393,15492,united kingdom
394,15492,united kingdom
395,15492,united kingdom
396,15492,united kingdom
397,15492,united kingdom
398,15492,united kingdom
399,15492,united kingdom
400,15492,united kingdom
401,15492,united kingdom
402,15492,united kingdom
403,15492,united kingdom
404,15492,united kingdom
405,15492,united kingdom
406,15492,united kingdom
407,15492,united kingdom
408,15492,united kingdom
409,15492,united kingdom
410,15492,united kingdom
411,15492,united kingdom
412,15492,united kingdom
413,15492,united kingdom
414,15492,united kingdom
415,15492,united kingdom
416,15492,united kingdom
417,15492,united kingdom
418,15492,united kingdom
419,15492,united kingdom
420,15492,united kingdom
421,15492,united kingdom
422,15492,united kingdom
423,15492,united kingdom
424,15492,united kingdom
425,15492,united kingdom
426,15492,united kingdom
427,15492,united kingdom
428,15492,united kingdom
429,15492,united kingdom
430,15492,united kingdom
431,15492,united kingdom
432,15492,united kingdom
433,15492,united kingdom
434,15492,united kingdom
435,15492,united kingdom
436,15492,united kingdom
437,15492,united kingdom
438,15492,united kingdom
439,15492,united kingdom
440,15492,united kingdom
441,15492,united kingdom
442,15492,united kingdom
443,15492,united kingdom
444,15492,united kingdom
445,15492,united kingdom
446,15492,united kingdom
447,15492,united kingdom
448,15492,united kingdom
449,15492,united kingdom
450,15492,united kingdom
451,15492,united kingdom
452,15492,united kingdom
453,15492,united kingdom
454,15492,united kingdom
455,15492,united kingdom
456,15492,united kingdom
457,15492,united kingdom
458,15492,united kingdom
459,15492,united kingdom
460,15492,united kingdom
461,15492,united kingdom
462,15492,united kingdom
463,15492,united kingdom
464,15492,united kingdom
465,15492,united kingdom
466,15492,united kingdom
467,15492,united kingdom
468,15492,united kingdom
469,15492,united kingdom
470,15492,united kingdom
471,15492,united kingdom
472,15492,united kingdom
473,15492,united kingdom
474,15492,united kingdom
475,15492,united kingdom
476,15492,united kingdom
477,15492,united kingdom
478,15492,united kingdom
479,15492,united kingdom
480,15492,united kingdom
481,15492,united kingdom
482,15492,united kingdom
483,15492,united kingdom
484,15492,united kingdom
485,15492,united kingdom
486,15492,united kingdom
487,15492,united kingdom
488,15492,united kingdom
489,15492,united kingdom
490,15492,united kingdom
491,15492,united kingdom
492,15492,united kingdom
493,15492,united kingdom
494,15492,united kingdom
495,15492,united kingdom
496,15492,united kingdom
497,15492,united kingdom
498,15492,united kingdom
499,15492,united kingdom
500,15492,united kingdom
501,15492,united kingdom
502,15492,united kingdom
503,15492,united kingdom
504,15492,united kingdom
505,15492,united kingdom
506,15492,united kingdom
507,15492,united kingdom
508,15492,united kingdom
509,15492,united kingdom
510,15492,united kingdom
511,15492,united kingdom
512,15492,united kingdom
513,15492,united kingdom
514,15492,united kingdom
515,15492,united kingdom
516,15492,united kingdom
517,15492,united kingdom
518,15492,united kingdom
519,15492,united kingdom
520,15492,united kingdom
521,15492,united kingdom
522,15492,united kingdom
523,15492,united kingdom
524,15492,united kingdom
525,15492,united kingdom
526,15492,united kingdom
527,15492,united kingdom
528,15492,united kingdom
529,15492,united kingdom
530,15492,united kingdom
531,15492,united kingdom
532,15492,united kingdom
533,15492,united kingdom
534,15492,united kingdom
535,15492,united kingdom
536,15492,united kingdom
537,15492,united kingdom
538,15492,united kingdom
539,15492,united kingdom
540,15492,united kingdom
541,15492,united kingdom
542,15492,united kingdom
543,15492,united kingdom
544,15492,united kingdom
545,15492,united kingdom
546,15492,united kingdom
547,15492,united kingdom
548,15492,united kingdom
549,15492,united kingdom
550,15492,united kingdom
551,15492,united kingdom
552,15492,united kingdom
553,15492,united kingdom
554,15492,united kingdom
555,15492,united kingdom
556,15492,united kingdom
557,15492,united kingdom
558,15492,united kingdom
559,15492,united kingdom
560,15492,united kingdom
561,15492,united kingdom
562,15492,united kingdom
563,15492,united kingdom
564,15492,united kingdom
565,15492,united kingdom
566,15492,united kingdom
567,15492,united kingdom
568,15492,united kingdom
569,15492,united kingdom
570,15492,united kingdom
571,15492,united kingdom
572,15492,united kingdom
573,15492,united kingdom
574,15492,united kingdom
575,15492,united kingdom
576,15492,united kingdom
577,15492,united kingdom
578,15492,united kingdom
579,15492,united kingdom
580,15492,united kingdom
581,15492,united kingdom
582,15492,united kingdom
583,15492,united kingdom
584,15492,united kingdom
585,15492,united kingdom
586,15492,united kingdom
587,15492,united kingdom
588,15492,united kingdom
589,15492,united kingdom
590,15492,united kingdom
591,15492,united kingdom
592,15492,united kingdom
593,15492,united kingdom
594,15492,united kingdom
595,15492,united kingdom
596,15492,united kingdom
597,15492,united kingdom
598,15492,united kingdom
599,15492,united kingdom
600,15492,united kingdom
601,15492,united kingdom
602,15492,united kingdom
603,15492,united kingdom
604,15492,united kingdom
605,15492,united kingdom
606,15492,united kingdom
607,15492,united kingdom
608,15492,united kingdom
609,15492,united kingdom
610,15492,united kingdom
611,15492,united kingdom
612,15492,united kingdom
613,15492,united kingdom
614,15492,united kingdom
615,15492,united kingdom
616,15492,united kingdom
617,15492,united kingdom
618,15492,united kingdom
619,15492,united kingdom
620,15492,united kingdom
621,15492,united kingdom
622,15492,united kingdom
623,15492,united kingdom
624,15492,united kingdom
625,15492,united kingdom
626,15492,united kingdom
627,15492,united kingdom
628,15492,united kingdom
629,15492,united kingdom
630,15492,united kingdom
631,15492,united kingdom
632,15492,united kingdom
633,15492,united kingdom
634,15492,united kingdom
635,15492,united kingdom
636,15492,united kingdom
637,15492,united kingdom
638,15492,united kingdom
639,15492,united kingdom
640,15492,united kingdom
641,15492,united kingdom
642,15492,united kingdom
643,15492,united kingdom
644,15492,united kingdom
645,15492,united kingdom
646,15492,united kingdom
647,15492,united kingdom
648,15492,united kingdom
649,15492,united kingdom
650,15492,united kingdom
651,15492,united kingdom
652,15492,united kingdom
653,15492,united kingdom
654,15492,united kingdom
655,15492,united kingdom
656,15492,united kingdom
657,15492,united kingdom
658,15492,united kingdom
659,15492,united kingdom
660,15492,united kingdom
661,15492,united kingdom
662,15492,united kingdom
663,15492,united kingdom
664,15492,united kingdom
665,15492,united kingdom
666,15492,united kingdom
667,15492,united kingdom
668,15492,united kingdom
669,15492,united kingdom
670,15492,united kingdom
671,15492,united kingdom
672,15492,united kingdom
673,15492,united kingdom
674,15492,united kingdom
675,15492,united kingdom
676,15492,united kingdom
677,15492,united kingdom
678,15492,united kingdom
679,15492,united kingdom
680,15492,united kingdom
681,15492,united kingdom
682,15492,united kingdom
683,15492,united kingdom
684,15492,united kingdom
685,15492,united kingdom
686,15492,united kingdom
687,15492,united kingdom
688,15492,united kingdom
689,15492,united kingdom
690,15492,united kingdom
691,15492,united kingdom
692,15492,united kingdom
693,15492,united kingdom
694,15492,united kingdom
695,15492,united kingdom
696,15492,united kingdom
697,15492,united kingdom
698,15492,united kingdom
699,15492,united kingdom
700,15492,united kingdom
701,15492,united kingdom
702,15492,united kingdom
703,15492,united kingdom
704,15492,united kingdom
705,15492,united kingdom
706,15492,united kingdom
707,15492,united kingdom
708,15492,united kingdom
709,15492,united kingdom
710,15492,united kingdom
711,15492,united kingdom
712,15492,united kingdom
713,15492,united kingdom
714,15492,united kingdom
715,15492,united kingdom
716,15492,united kingdom
717,15492,united kingdom
718,15492,united kingdom
719,15492,united kingdom
720,15492,united kingdom
721,15492,united kingdom
722,15492,united kingdom
723,15492,united kingdom
724,15492,united kingdom
725,15492,united kingdom
726,15492,united kingdom
727,15492,united kingdom
728,15492,united kingdom
729,15492,united kingdom
730,15492,united kingdom
731,15492,united kingdom
732,15492,united kingdom
733,15492,united kingdom
734,15492,united kingdom
735,15492,united kingdom
736,15492,united kingdom
737,15492,united kingdom
738,15492,united kingdom
739,15492,united kingdom
740,15492,united kingdom
741,15492,united kingdom
742,15492,united kingdom
743,15492,united kingdom
744,15492,united kingdom
745,15492,united kingdom
746,15492,united kingdom
747,15492,united kingdom
748,15492,united kingdom
749,15492,united kingdom
750,15492,united kingdom
751,15492,united kingdom
752,15492,united kingdom
753,15492,united kingdom
754,15492,united kingdom
755,15492,united kingdom
756,15492,united kingdom
757,15492,united kingdom
758,15492,united kingdom
759,15492,united kingdom
760,15492,united kingdom
761,15492,united kingdom
762,15492,united kingdom
763,15492,united kingdom
764,15492,united kingdom
765,15492,united kingdom
766,15492,united kingdom
767,15492,united kingdom
768,15492,united kingdom
769,15492,united kingdom
770,15492,united kingdom
771,15492,united kingdom
772,15492,united kingdom
773,15492,united kingdom
774,15492,united kingdom
775,15492,united kingdom
776,15492,united kingdom
777,15492,united kingdom
778,15492,united kingdom
779,15492,united kingdom
780,15492,united kingdom
781,15492,united kingdom
782,15492,united kingdom
783,15492,united kingdom
784,15492,united kingdom
785,15492,united kingdom
786,15492,united kingdom
787,15492,united kingdom
788,15492,united kingdom
789,15492,united kingdom
790,15492,united kingdom
791,15492,united kingdom
792,15492,united kingdom
793,15492,united kingdom
794,15492,united kingdom
795,15492,united kingdom
796,15492,united kingdom
797,15492,united kingdom
798,15492,united kingdom
799,15492,united kingdom
800,15492,united kingdom
801,15492,united kingdom
802,15492,united kingdom
803,15492,united kingdom
804,15492,united kingdom
805,15492,united kingdom
806,15492,united kingdom
807,15492,united kingdom
808,15492,united kingdom
809,15492,united kingdom
810,15492,united kingdom
811,15492,united kingdom
812,15492,united kingdom
813,15492,united kingdom
814,15492,united kingdom
815,15492,united kingdom
816,15492,united kingdom
817,15492,united kingdom
818,15492,united kingdom
819,15492,united kingdom
820,15492,united kingdom
821,15492,united kingdom
822,15492,united kingdom
823,15492,united kingdom
824,15492,united kingdom
825,15492,united kingdom
826,15492,united kingdom
827,15492,united kingdom
828,15492,united kingdom
829,15492,united kingdom
830,15492,united kingdom
831,15492,united kingdom
832,15492,united kingdom
833,15492,united kingdom
834,15492,united kingdom
835,15492,united kingdom
836,15492,united kingdom
837,15492,united kingdom
838,15492,united kingdom
839,15492,united kingdom
840,15492,united kingdom
841,15492,united kingdom
842,15492,united kingdom
843,15492,united kingdom
844,15492,united kingdom
845,15492,united kingdom
846,15492,united kingdom
847,15492,united kingdom
848,15492,united kingdom
849,15492,united kingdom
850,15492,united kingdom
851,15492,united kingdom
852,15492,united kingdom
853,15492,united kingdom
854,15492,united kingdom
855,15492,united kingdom
856,15492,united kingdom
857,15492,united kingdom
858,15492,united kingdom
859,15492,united kingdom
860,15492,united kingdom
861,15492,united kingdom
862,15492,united kingdom
863,15492,united kingdom
864,15492,united kingdom
865,15492,united kingdom
866,15492,united kingdom
867,15492,united kingdom
868,15492,united kingdom
869,15492,united kingdom
870,15492,united kingdom
871,15492,united kingdom
872,15492,united kingdom
873,15492,united kingdom
874,15492,united kingdom
875,15492,united kingdom
876,15492,united kingdom
877,15492,united kingdom
878,15492,united kingdom
879,15492,united kingdom
880,15492,united kingdom
881,15492,united kingdom
882,15492,united kingdom
883,15492,united kingdom
884,15492,united kingdom
885,15492,united kingdom
886,15492,united kingdom
887,15492,united kingdom
888,15492,united kingdom
889,15492,united kingdom
890,15492,united kingdom
891,15492,united kingdom
892,15492,united kingdom
893,15492,united kingdom
894,15492,united kingdom
895,15492,united kingdom
896,15492,united kingdom
897,15492,united kingdom
898,12423,belgium
899,12423,belgium
900,12423,belgium
901,12423,belgium
902,12423,belgium
903,12423,belgium
904,12423,belgium
905,12423,belgium
906,12423,belgium
907,12423,belgium
908,12423,belgium
909,12423,belgium
910,12423,belgium
911,12423,belgium
912,12423,belgium
913,12423,belgium
914,12518,germany
915,12518,germany
916,12518,germany
917,12518,germany
918,12518,germany
919,12518,germany
920,12518,germany
921,12518,germany
922,12518,germany
923,12518,germany
924,12518,germany
925,12518,germany
926,12518,germany
927,12518,germany
928,12518,germany
929,12518,germany
930,12518,germany
931,14051,united kingdom
932,14051,united kingdom
933,14051,united kingdom
934,14051,united kingdom
935,14051,united kingdom
936,14051,united kingdom
937,14051,united kingdom
938,14051,united kingdom
939,14051,united kingdom
940,14051,united kingdom
941,14051,united kingdom
942,14051,united kingdom
943,14051,united kingdom
944,14051,united kingdom
945,16558,united kingdom
946,16558,united kingdom
947,16558,united kingdom
948,16558,united kingdom
949,16558,united kingdom
950,16558,united kingdom
951,16558,united kingdom
952,16558,united kingdom
953,16558,united kingdom
954,16558,united kingdom
955,16558,united kingdom
956,16558,united kingdom
957,16558,united kingdom
958,16558,united kingdom
959,16558,united kingdom
960,16558,united kingdom
961,16558,united kingdom
962,16558,united kingdom
963,16558,united kingdom
964,16558,united kingdom
965,16558,united kingdom
966,16558,united kingdom
967,16558,united kingdom
968,16558,united kingdom
969,16558,united kingdom
970,16558,united kingdom
971,16558,united kingdom
972,16558,united kingdom
973,16558,united kingdom
974,16558,united kingdom
975,16558,united kingdom
976,16558,united kingdom
977,17497,united kingdom
978,17497,united kingdom
979,17497,united kingdom
980,17497,united kingdom
981,17497,united kingdom
982,17497,united kingdom
983,17497,united kingdom
984,17497,united kingdom
985,17497,united kingdom
986,17497,united kingdom
987,17497,united kingdom
988,17497,united kingdom
989,17497,united kingdom
990,17497,united kingdom
991,17497,united kingdom
992,17497,united kingdom
993,17497,united kingdom
994,17497,united kingdom
995,17497,united kingdom
996,17497,united kingdom
997,17497,united kingdom
998,17497,united kingdom
999,17497,united kingdom
1000,17497,united kingdom
1001,17497,united kingdom
1002,17497,united kingdom
1003,17497,united kingdom
1004,17497,united kingdom
1005,17497,united kingdom
1006,17497,united kingdom
1007,17497,united kingdom
1008,17497,united kingdom
1009,17497,united kingdom
1010,17497,united kingdom
1011,17497,united kingdom
1012,17497,united kingdom
1013,17497,united kingdom
1014,17497,united kingdom
1015,17497,united kingdom
1016,17497,united kingdom
1017,17497,united kingdom
1018,17497,united kingdom
1019,17497,united kingdom
1020,17497,united kingdom
1021,17497,united kingdom
1022,17497,united kingdom
1023,17497,united kingdom
1024,17497,united kingdom
1025,17497,united kingdom
1026,17497,united kingdom
1027,17497,united kingdom
1028,17497,united kingdom
1029,17497,united kingdom
1030,17497,united kingdom
1031,17497,united kingdom
1032,17497,united kingdom
1033,17497,united kingdom
1034,17497,united kingdom
1035,17497,united kingdom
1036,14498,united kingdom
1037,14498,united kingdom
1038,14498,united kingdom
1039,14498,united kingdom
1040,14498,united kingdom
1041,14498,united kingdom
1042,14498,united kingdom
1043,14498,united kingdom
1044,14498,united kingdom
1045,14498,united kingdom
1046,14498,united kingdom
1047,14498,united kingdom
1048,14498,united kingdom
1049,14498,united kingdom
1050,14498,united kingdom
1051,14498,united kingdom
1052,14498,united kingdom
1053,14498,united kingdom
1054,14498,united kingdom
1055,14498,united kingdom
1056,14498,united kingdom
1057,14498,united kingdom
1058,14498,united kingdom
1059,14498,united kingdom
1060,14498,united kingdom
1061,14498,united kingdom
1062,14498,united kingdom
1063,14498,united kingdom
1064,14498,united kingdom
1065,14498,united kingdom
1066,14498,united kingdom
1067,14498,united kingdom
1068,14498,united kingdom
1069,14498,united kingdom
1070,14498,united kingdom
1071,14498,united kingdom
1072,14498,united kingdom
1073,14498,united kingdom
1074,14498,united kingdom
1075,14498,united kingdom
1076,14498,united kingdom
1077,14498,united kingdom
1078,14498,united kingdom
1079,14498,united kingdom
1080,14498,united kingdom
1081,14498,united kingdom
1082,14498,united kingdom
1083,14498,united kingdom
1084,14498,united kingdom
1085,14498,united kingdom
1086,14498,united kingdom
1087,14498,united kingdom
1088,14498,united kingdom
1089,14498,united kingdom
1090,14498,united kingdom
1091,14498,united kingdom
1092,14498,united kingdom
1093,14498,united kingdom
1094,14498,united kingdom
1095,14498,united kingdom
1096,14498,united kingdom
1097,14498,united kingdom
1098,14498,united kingdom
1099,14498,united kingdom
1100,14498,united kingdom
1101,14498,united kingdom
1102,14498,united kingdom
1103,14498,united kingdom
1104,14498,united kingdom
1105,14498,united kingdom
1106,14498,united kingdom
1107,14498,united kingdom
1108,14498,united kingdom
1109,14498,united kingdom
1110,14498,united kingdom
1111,14498,united kingdom
1112,14498,united kingdom
1113,14498,united kingdom
1114,14498,united kingdom
1115,14498,united kingdom
1116,14498,united kingdom
1117,14498,united kingdom
1118,14498,united kingdom
1119,14498,united kingdom
1120,14498,united kingdom
1121,14498,united kingdom
1122,14498,united kingdom
1123,14498,united kingdom
1124,14498,united kingdom
1125,14498,united kingdom
1126,14498,united kingdom
1127,14498,united kingdom
1128,14498,united kingdom
1129,14498,united kingdom
1130,14498,united kingdom
1131,14498,united kingdom
1132,14498,united kingdom
1133,14498,united kingdom
1134,14498,united kingdom
1135,14498,united kingdom
1136,14498,united kingdom
1137,14498,united kingdom
1138,14498,united kingdom
1139,14498,united kingdom
1140,14498,united kingdom
1141,14498,united kingdom
1142,14498,united kingdom
1143,14498,united kingdom
1144,14498,united kingdom
1145,14498,united kingdom
1146,14498,united kingdom
1147,14498,united kingdom
1148,14498,united kingdom
1149,14498,united kingdom
1150,14498,united kingdom
1151,14498,united kingdom
1152,14498,united kingdom
1153,14498,united kingdom
1154,14498,united kingdom
1155,14498,united kingdom
1156,14498,united kingdom
1157,14498,united kingdom
1158,14498,united kingdom
1159,14498,united kingdom
1160,14498,united kingdom
1161,14498,united kingdom
1162,14498,united kingdom
1163,14498,united kingdom
1164,14498,united kingdom
1165,14498,united kingdom
1166,14498,united kingdom
1167,14498,united kingdom
1168,14498,united kingdom
1169,14498,united kingdom
1170,14498,united kingdom
1171,14498,united kingdom
1172,14498,united kingdom
1173,14498,united kingdom
1174,14498,united kingdom
1175,14498,united kingdom
1176,14498,united kingdom
1177,14498,united kingdom
1178,14498,united kingdom
1179,14498,united kingdom
1180,14498,united kingdom
1181,14498,united kingdom
1182,14498,united kingdom
1183,14498,united kingdom
1184,14498,united kingdom
1185,14498,united kingdom
1186,14498,united kingdom
1187,14498,united kingdom
1188,14498,united kingdom
1189,14498,united kingdom
1190,14498,united kingdom
1191,14498,united kingdom
1192,14498,united kingdom
1193,14498,united kingdom
1194,14498,united kingdom
1195,14498,united kingdom
1196,14498,united kingdom
1197,14498,united kingdom
1198,14498,united kingdom
1199,14498,united kingdom
1200,14498,united kingdom
1201,14498,united kingdom
1202,14498,united kingdom
1203,14498,united kingdom
1204,14498,united kingdom
1205,14498,united kingdom
1206,14498,united kingdom
1207,14498,united kingdom
1208,14498,united kingdom
1209,14498,united kingdom
1210,14498,united kingdom
1211,14498,united kingdom
1212,14498,united kingdom
1213,14498,united kingdom
1214,14498,united kingdom
1215,14498,united kingdom
1216,14498,united kingdom
1217,14498,united kingdom
1218,14498,united kingdom
1219,14498,united kingdom
1220,14498,united kingdom
1221,14498,united kingdom
1222,14498,united kingdom
1223,14498,united kingdom
1224,14498,united kingdom
1225,14498,united kingdom
1226,14498,united kingdom
1227,14498,united kingdom
1228,14498,united kingdom
1229,14498,united kingdom
1230,14498,united kingdom
1231,14498,united kingdom
1232,14498,united kingdom
1233,14498,united kingdom
1234,14498,united kingdom
1235,14498,united kingdom
1236,14498,united kingdom
1237,14498,united kingdom
1238,14498,united kingdom
1239,14498,united kingdom
1240,14498,united kingdom
1241,14498,united kingdom
1242,14498,united kingdom
1243,14498,united kingdom
1244,14498,united kingdom
1245,14498,united kingdom
1246,14498,united kingdom
1247,14498,united kingdom
1248,14498,united kingdom
1249,14498,united kingdom
1250,14498,united kingdom
1251,14498,united kingdom
1252,15344,united kingdom
1253,15344,united kingdom
1254,15344,united kingdom
1255,12985,united kingdom
1256,12985,united kingdom
1257,12985,united kingdom
1258,12985,united kingdom
1259,12985,united kingdom
1260,12985,united kingdom
1261,12985,united kingdom
1262,12985,united kingdom
1263,12985,united kingdom
1264,12985,united kingdom
1265,12985,united kingdom
1266,12985,united kingdom
1267,12985,united kingdom
1268,12985,united kingdom
1269,12985,united kingdom
1270,12985,united kingdom
1271,12985,united kingdom
1272,12985,united kingdom
1273,12985,united kingdom
1274,12985,united kingdom
1275,12985,united kingdom
1276,12985,united kingdom
1277,12985,united kingdom
1278,12985,united kingdom
1279,15910,united kingdom
1280,15910,united kingdom
1281,15910,united kingdom
1282,15910,united kingdom
1283,15910,united kingdom
1284,15910,united kingdom
1285,15910,united kingdom
1286,15910,united kingdom
1287,15910,united kingdom
1288,15910,united kingdom
1289,15910,united kingdom
1290,15910,united kingdom
1291,15910,united kingdom
1292,15910,united kingdom
1293,15910,united kingdom
1294,15910,united kingdom
1295,15910,united kingdom
1296,15910,united kingdom
1297,15910,united kingdom
1298,15910,united kingdom
1299,17754,united kingdom
1300,17754,united kingdom
1301,17754,united kingdom
1302,17754,united kingdom
1303,17754,united kingdom
1304,17754,united kingdom
1305,17754,united kingdom
1306,17754,united kingdom
1307,17754,united kingdom
1308,17754,united kingdom
1309,17754,united kingdom
1310,17754,united kingdom
1311,17754,united kingdom
1312,17754,united kingdom
1313,17754,united kingdom
1314,17754,united kingdom
1315,17754,united kingdom
1316,17754,united kingdom
1317,17754,united kingdom
1318,17754,united kingdom
1319,17754,united kingdom
1320,17754,united kingdom
1321,17754,united kingdom
1322,17754,united kingdom
1323,14422,united kingdom
1324,14422,united kingdom
1325,14422,united kingdom
1326,14422,united kingdom
1327,14422,united kingdom
1328,14422,united kingdom
1329,14422,united kingdom
1330,14422,united kingdom
1331,14422,united kingdom
1332,14422,united kingdom
1333,14422,united kingdom
1334,14422,united kingdom
1335,14422,united kingdom
1336,14422,united kingdom
1337,14422,united kingdom
1338,14446,united kingdom
1339,14446,united kingdom
1340,14446,united kingdom
1341,14446,united kingdom
1342,14446,united kingdom
1343,14446,united kingdom
1344,14446,united kingdom
1345,14446,united kingdom
1346,14446,united kingdom
1347,14446,united kingdom
1348,14446,united kingdom
1349,14446,united kingdom
1350,14446,united kingdom
1351,14446,united kingdom
1352,14446,united kingdom
1353,14446,united kingdom
1354,14446,united kingdom
1355,14446,united kingdom
1356,14446,united kingdom
1357,14446,united kingdom
1358,14446,united kingdom
1359,14446,united kingdom
1360,14446,united kingdom
1361,14446,united kingdom
1362,14446,united kingdom
1363,14446,united kingdom
1364,14446,united kingdom
1365,14446,united kingdom
1366,14446,united kingdom
1367,14446,united kingdom
1368,14446,united kingdom
1369,14446,united kingdom
1370,14446,united kingdom
1371,14446,united kingdom
1372,14446,united kingdom
1373,14446,united kingdom
1374,14446,united kingdom
1375,14446,united kingdom
1376,14446,united kingdom
1377,14446,united kingdom
1378,14446,united kingdom
1379,14446,united kingdom
1380,14446,united kingdom
1381,14446,united kingdom
1382,14446,united kingdom
1383,14446,united kingdom
1384,14446,united kingdom
1385,14446,united kingdom
1386,14446,united kingdom
1387,14446,united kingdom
1388,14446,united kingdom
1389,14446,united kingdom
1390,14446,united kingdom
1391,14446,united kingdom
1392,14446,united kingdom
1393,14446,united kingdom
1394,14446,united kingdom
1395,14446,united kingdom
1396,14446,united kingdom
1397,14446,united kingdom
1398,14446,united kingdom
1399,14446,united kingdom
1400,14446,united kingdom
1401,14446,united kingdom
1402,14446,united kingdom
1403,14446,united kingdom
1404,14446,united kingdom
1405,14446,united kingdom
1406,14446,united kingdom
1407,14446,united kingdom
1408,14446,united kingdom
1409,14446,united kingdom
1410,14446,united kingdom
1411,14446,united kingdom
1412,18102,united kingdom
1413,16626,united kingdom
1414,16626,united kingdom
1415,16626,united kingdom
1416,16626,united kingdom
1417,16626,united kingdom
1418,16626,united kingdom
1419,16626,united kingdom
1420,16626,united kingdom
1421,16626,united kingdom
1422,16626,united kingdom
1423,16626,united kingdom
1424,16626,united kingdom
1425,12662,germany
1426,12662,germany
1427,12662,germany
1428,12662,germany
1429,12662,germany
1430,12662,germany
1431,12662,germany
1432,12662,germany
1433,12662,germany
1434,12662,germany
1435,12662,germany
1436,12662,germany
1437,15311,united kingdom
1438,15311,united kingdom
1439,15311,united kingdom
1440,15311,united kingdom
1441,15311,united kingdom
1442,15311,united kingdom
1443,15311,united kingdom
1444,15311,united kingdom
1445,15311,united kingdom
1446,15311,united kingdom
1447,15311,united kingdom
1448,15311,united kingdom
1449,15311,united kingdom
1450,15311,united kingdom
1451,15311,united kingdom
1452,15311,united kingdom
1453,15311,united kingdom
1454,15311,united kingdom
1455,15311,united kingdom
1456,15311,united kingdom
1457,16705,united kingdom
1458,16705,united kingdom
1459,16705,united kingdom
1460,16705,united kingdom
1461,12526,germany
1462,12526,germany
1463,12526,germany
1464,12526,germany
1465,12526,germany
1466,12526,germany
1467,12526,germany
1468,12526,germany
1469,12526,germany
1470,12526,germany
1471,12526,germany
1472,12526,germany
1473,12713,germany
1474,12713,germany
1475,12713,germany
1476,12713,germany
1477,12713,germany
1478,12713,germany
1479,12713,germany
1480,12713,germany
1481,12713,germany
1482,12713,germany
1483,12713,germany
1484,12713,germany
1485,12713,germany
1486,12713,germany
1487,12713,germany
1488,12713,germany
1489,12713,germany
1490,12713,germany
1491,12713,germany
1492,12713,germany
1493,12713,germany
1494,12713,germany
1495,12713,germany
1496,12713,germany
1497,12713,germany
1498,12713,germany
1499,12713,germany
1500,12713,germany
1501,12713,germany
1502,12713,germany
1503,12713,germany
1504,12713,germany
1505,12713,germany
1506,12713,germany
1507,12713,germany
1508,12713,germany
1509,12713,germany
1510,17581,united kingdom
1511,17581,united kingdom
1512,17581,united kingdom
1513,17581,united kingdom
1514,17581,united kingdom
1515,17581,united kingdom
1516,17581,united kingdom
1517,17581,united kingdom
1518,17581,united kingdom
1519,17581,united kingdom
1520,17581,united kingdom
1521,17581,united kingdom
1522,17581,united kingdom
1523,17581,united kingdom
1524,17581,united kingdom
1525,17581,united kingdom
1526,17581,united kingdom
1527,17581,united kingdom
1528,17581,united kingdom
1529,17581,united kingdom
1530,17581,united kingdom
1531,17581,united kingdom
1532,17581,united kingdom
1533,17581,united kingdom
1534,17581,united kingdom
1535,17581,united kingdom
1536,17581,united kingdom
1537,17581,united kingdom
1538,17581,united kingdom
1539,17581,united kingdom
1540,12748,united kingdom
1541,12748,united kingdom
1542,12748,united kingdom
1543,12748,united kingdom
1544,12748,united kingdom
1545,12748,united kingdom
1546,12748,united kingdom
1547,12748,united kingdom
1548,12748,united kingdom
1549,12748,united kingdom
1550,12748,united kingdom
1551,12748,united kingdom
1552,12748,united kingdom
1553,12748,united kingdom
1554,12748,united kingdom
1555,12748,united kingdom
1556,12748,united kingdom
1557,12748,united kingdom
1558,12748,united kingdom
1559,12748,united kingdom
1560,12748,united kingdom
1561,12748,united kingdom
1562,12748,united kingdom
1563,12748,united kingdom
1564,17581,united kingdom
1565,17581,united kingdom
1566,17581,united kingdom
1567,17581,united kingdom
1568,17581,united kingdom
1569,13777,united kingdom
1570,13777,united kingdom
1571,13777,united kingdom
1572,13777,united kingdom
1573,15804,united kingdom
1574,15804,united kingdom
1575,15804,united kingdom
1576,15804,united kingdom
1577,15804,united kingdom
1578,15804,united kingdom
1579,15804,united kingdom
1580,15804,united kingdom
1581,15804,united kingdom
1582,15804,united kingdom
1583,15804,united kingdom
1584,15804,united kingdom
1585,15804,united kingdom
1586,15804,united kingdom
1587,15804,united kingdom
1588,15804,united kingdom
1589,15804,united kingdom
1590,15804,united kingdom
1591,15804,united kingdom
1592,15804,united kingdom
1593,15804,united kingdom
1594,13113,united kingdom
1595,13113,united kingdom
1596,13113,united kingdom
1597,13113,united kingdom
1598,12680,france
1599,12680,france
1600,12680,france
1601,12680,france
1602,12680,france
1603,12680,france
1604,12680,france
1605,12680,france
1606,12680,france
1607,12680,france
1608,12680,france
1609,12680,france
1610,12680,france
1611,12680,france
1612,12680,france
1613,12433,norway
1614,14441,united kingdom
1615,17389,united kingdom
1616,16446,united kingdom
1617,14397,united kingdom
1618,14397,united kingdom
1619,15311,united kingdom
1620,17315,united kingdom
1621,17315,united kingdom
1622,14251,united kingdom
1623,14251,united kingdom
1624,14251,united kingdom
1625,14251,united kingdom
1626,14251,united kingdom
1627,14251,united kingdom
1628,14251,united kingdom
1629,14251,united kingdom
1630,14251,united kingdom
1631,14251,united kingdom
1632,13408,united kingdom
1633,13408,united kingdom
1634,13408,united kingdom
1635,13408,united kingdom
1636,13408,united kingdom
1637,13408,united kingdom
1638,13408,united kingdom
1639,13408,united kingdom
1640,16523,united kingdom
1641,16523,united kingdom
1642,16523,united kingdom
1643,16523,united kingdom
1644,16523,united kingdom
1645,16523,united kingdom
1646,16523,united kingdom
1647,16523,united kingdom
1648,16523,united kingdom
1649,16523,united kingdom
1650,16523,united kingdom
1651,16523,united kingdom
1652,16523,united kingdom
1653,16523,united kingdom
1654,16523,united kingdom
1655,16523,united kingdom
1656,16523,united kingdom
1657,16523,united kingdom
1658,16523,united kingdom
1659,16523,united kingdom
1660,16523,united kingdom
1661,16523,united kingdom
1662,16523,united kingdom
1663,16523,united kingdom
1664,16217,united kingdom
1665,16217,united kingdom
1666,16217,united kingdom
1667,16217,united kingdom
1668,16217,united kingdom
1669,16217,united kingdom
1670,16217,united kingdom
1671,16217,united kingdom
1672,16217,united kingdom
1673,16217,united kingdom
1674,16217,united kingdom
1675,16217,united kingdom
1676,16217,united kingdom
1677,16217,united kingdom
1678,16217,united kingdom
1679,16217,united kingdom
1680,16217,united kingdom
1681,16217,united kingdom
1682,16217,united kingdom
1683,16217,united kingdom
1684,16217,united kingdom
1685,16217,united kingdom
1686,16217,united kingdom
1687,16217,united kingdom
1688,16217,united kingdom
1689,16217,united kingdom
1690,16217,united kingdom
1691,16217,united kingdom
1692,16217,united kingdom
1693,16217,united kingdom
1694,16217,united kingdom
1695,16217,united kingdom
1696,16217,united kingdom
1697,16217,united kingdom
1698,16217,united kingdom
1699,16217,united kingdom
1700,16217,united kingdom
1701,16217,united kingdom
1702,16217,united kingdom
1703,16217,united kingdom
1704,16217,united kingdom
1705,16217,united kingdom
1706,16217,united kingdom
1707,16217,united kingdom
1708,16217,united kingdom
1709,16217,united kingdom
1710,16217,united kingdom
1711,16217,united kingdom
1712,16217,united kingdom
1713,16217,united kingdom
1714,16217,united kingdom
1715,16217,united kingdom
1716,16217,united kingdom
1717,16217,united kingdom
1718,16217,united kingdom
1719,16217,united kingdom
1720,16217,united kingdom
1721,16217,united kingdom
1722,16217,united kingdom
1723,16217,united kingdom
1724,16217,united kingdom
1725,16217,united kingdom
1726,16217,united kingdom
1727,16217,united kingdom
1728,16217,united kingdom
1729,16217,united kingdom
1730,16217,united kingdom
1731,16217,united kingdom
1732,16217,united kingdom
1733,16217,united kingdom
1734,16217,united kingdom
1735,16217,united kingdom
1736,16217,united kingdom
1737,16217,united kingdom
1738,16217,united kingdom
1739,16217,united kingdom
1740,16217,united kingdom
1741,16217,united kingdom
1742,16217,united kingdom
1743,16217,united kingdom
1744,16217,united kingdom
1745,16217,united kingdom
1746,16217,united kingdom
1747,16217,united kingdom
1748,16217,united kingdom
1749,16217,united kingdom
1750,16217,united kingdom
1751,16217,united kingdom
1752,16217,united kingdom
1753,16217,united kingdom
1754,16217,united kingdom
1755,16217,united kingdom
1756,16217,united kingdom
1757,16217,united kingdom
1758,16217,united kingdom
1759,16217,united kingdom
1760,16217,united kingdom
1761,16217,united kingdom
1762,16217,united kingdom
1763,16217,united kingdom
1764,16217,united kingdom
1765,16217,united kingdom
1766,16217,united kingdom
1767,16217,united kingdom
1768,16217,united kingdom
1769,16217,united kingdom
1770,16217,united kingdom
1771,16217,united kingdom
1772,16217,united kingdom
1773,16217,united kingdom
1774,16217,united kingdom
1775,16217,united kingdom
1776,16217,united kingdom
1777,16217,united kingdom
1778,16217,united kingdom
1779,16217,united kingdom
1780,16217,united kingdom
1781,16217,united kingdom
1782,16217,united kingdom
1783,16217,united kingdom
1784,16217,united kingdom
1785,16217,united kingdom
1786,16217,united kingdom
1787,16217,united kingdom
1788,16217,united kingdom
1789,16217,united kingdom
1790,16217,united kingdom
1791,16217,united kingdom
1792,16217,united kingdom
1793,16217,united kingdom
1794,16217,united kingdom
1795,16217,united kingdom
1796,16217,united kingdom
1797,16217,united kingdom
1798,16217,united kingdom
1799,16217,united kingdom
1800,16217,united kingdom
1801,16217,united kingdom
1802,16217,united kingdom
1803,16217,united kingdom
1804,16217,united kingdom
1805,16217,united kingdom
1806,16217,united kingdom
1807,16217,united kingdom
1808,16217,united kingdom
1809,16217,united kingdom
1810,16217,united kingdom
1811,16217,united kingdom
1812,16217,united kingdom
1813,16217,united kingdom
1814,16217,united kingdom
1815,16217,united kingdom
1816,16217,united kingdom
1817,16217,united kingdom
1818,16217,united kingdom
1819,16217,united kingdom
1820,16217,united kingdom
1821,16217,united kingdom
1822,16217,united kingdom
1823,16217,united kingdom
1824,16217,united kingdom
1825,16217,united kingdom
1826,16217,united kingdom
1827,16217,united kingdom
1828,16217,united kingdom
1829,16217,united kingdom
1830,16217,united kingdom
1831,16217,united kingdom
1832,16217,united kingdom
1833,16217,united kingdom
1834,16217,united kingdom
1835,16217,united kingdom
1836,16217,united kingdom
1837,16217,united kingdom
1838,16217,united kingdom
1839,16217,united kingdom
1840,16217,united kingdom
1841,16217,united kingdom
1842,16217,united kingdom
1843,16217,united kingdom
1844,16217,united kingdom
1845,16217,united kingdom
1846,16217,united kingdom
1847,16217,united kingdom
1848,16217,united kingdom
1849,16217,united kingdom
1850,16217,united kingdom
1851,16217,united kingdom
1852,16217,united kingdom
1853,16217,united kingdom
1854,16217,united kingdom
1855,16217,united kingdom
1856,16217,united kingdom
1857,16217,united kingdom
1858,16217,united kingdom
1859,16217,united kingdom
1860,16217,united kingdom
1861,16217,united kingdom
1862,16217,united kingdom
1863,16217,united kingdom
1864,16217,united kingdom
1865,16217,united kingdom
1866,16217,united kingdom
1867,16217,united kingdom
1868,16217,united kingdom
1869,16217,united kingdom
1870,16217,united kingdom
1871,16217,united kingdom
1872,16217,united kingdom
1873,16217,united kingdom
1874,16217,united kingdom
1875,16217,united kingdom
1876,16217,united kingdom
1877,16217,united kingdom
1878,16217,united kingdom
1879,16217,united kingdom
1880,16217,united kingdom
1881,16217,united kingdom
1882,16217,united kingdom
1883,16217,united kingdom
1884,16217,united kingdom
1885,16217,united kingdom
1886,16217,united kingdom
1887,16217,united kingdom
1888,16217,united kingdom
1889,16217,united kingdom
1890,16217,united kingdom
1891,16217,united kingdom
1892,16217,united kingdom
1893,16217,united kingdom
1894,16217,united kingdom
1895,16217,united kingdom
1896,16217,united kingdom
1897,16217,united kingdom
1898,16217,united kingdom
1899,16217,united kingdom
1900,16217,united kingdom
1901,16217,united kingdom
1902,16217,united kingdom
1903,16217,united kingdom
1904,16217,united kingdom
1905,16217,united kingdom
1906,16217,united kingdom
1907,16217,united kingdom
1908,16217,united kingdom
1909,16217,united kingdom
1910,16217,united kingdom
1911,16217,united kingdom
1912,16217,united kingdom
1913,16217,united kingdom
1914,16217,united kingdom
1915,16217,united kingdom
1916,16217,united kingdom
1917,16217,united kingdom
1918,16217,united kingdom
1919,16217,united kingdom
1920,16217,united kingdom
1921,16217,united kingdom
1922,16217,united kingdom
1923,16217,united kingdom
1924,16217,united kingdom
1925,16217,united kingdom
1926,16217,united kingdom
1927,16217,united kingdom
1928,16217,united kingdom
1929,16217,united kingdom
1930,16217,united kingdom
1931,16217,united kingdom
1932,16217,united kingdom
1933,16217,united kingdom
1934,16217,united kingdom
1935,16217,united kingdom
1936,16217,united kingdom
1937,16217,united kingdom
1938,16217,united kingdom
1939,16217,united kingdom
1940,16217,united kingdom
1941,16217,united kingdom
1942,16217,united kingdom
1943,16217,united kingdom
1944,16217,united kingdom
1945,16217,united kingdom
1946,16217,united kingdom
1947,16217,united kingdom
1948,16217,united kingdom
1949,16217,united kingdom
1950,16217,united kingdom
1951,16217,united kingdom
1952,16217,united kingdom
1953,16217,united kingdom
1954,16217,united kingdom
1955,16217,united kingdom
1956,16217,united kingdom
1957,16217,united kingdom
1958,16217,united kingdom
1959,16217,united kingdom
1960,16217,united kingdom
1961,16217,united kingdom
1962,16217,united kingdom
1963,16217,united kingdom
1964,16217,united kingdom
1965,16217,united kingdom
1966,16217,united kingdom
1967,16217,united kingdom
1968,16217,united kingdom
1969,16217,united kingdom
1970,16217,united kingdom
1971,16217,united kingdom
1972,16217,united kingdom
1973,16217,united kingdom
1974,16217,united kingdom
1975,16217,united kingdom
1976,16217,united kingdom
1977,16217,united kingdom
1978,16217,united kingdom
1979,16217,united kingdom
1980,16217,united kingdom
1981,16217,united kingdom
1982,16217,united kingdom
1983,16217,united kingdom
1984,16217,united kingdom
1985,16217,united kingdom
1986,16217,united kingdom
1987,16217,united kingdom
1988,16217,united kingdom
1989,16217,united kingdom
1990,16217,united kingdom
1991,16217,united kingdom
1992,16217,united kingdom
1993,16217,united kingdom
1994,16217,united kingdom
1995,16217,united kingdom
1996,16217,united kingdom
1997,16217,united kingdom
1998,16217,united kingdom
